INSERT INTO auth.users (id, email, email_confirmed_at, created_at, updated_at, raw_user_meta_data) VALUES
('550e8400-e29b-41d4-a716-446655440200', 'sarah.chen@example.com', NOW(), NOW(), NOW(), '{"full_name": "Sarah Chen", "username": "sarah_chen"}'),
('550e8400-e29b-41d4-a716-446655440201', 'michael.rodriguez@example.com', NOW(), NOW(), NOW(), '{"full_name": "Michael Rodriguez", "username": "michael_rodriguez"}'),
('550e8400-e29b-41d4-a716-446655440202', 'david.kim@example.com', NOW(), NOW(), NOW(), '{"full_name": "David Kim", "username": "david_kim"}'),
('550e8400-e29b-41d4-a716-446655440203', 'daniel.anderson@example.com', NOW(), NOW(), NOW(), '{"full_name": "Daniel Anderson", "username": "daniel_anderson"}'),
('550e8400-e29b-41d4-a716-446655440204', 'kevin.moore@example.com', NOW(), NOW(), NOW(), '{"full_name": "Kevin Moore", "username": "kevin_moore"}'),
('550e8400-e29b-41d4-a716-446655440205', 'jessica.park@example.com', NOW(), NOW(), NOW(), '{"full_name": "Jessica Park", "username": "jessica_park"}'),
('550e8400-e29b-41d4-a716-446655440206', 'carlos.mendez@example.com', NOW(), NOW(), NOW(), '{"full_name": "Carlos Mendez", "username": "carlos_mendez"}'),
('550e8400-e29b-41d4-a716-446655440207', 'priya.sharma@example.com', NOW(), NOW(), NOW(), '{"full_name": "Priya Sharma", "username": "priya_sharma"}'),
('550e8400-e29b-41d4-a716-446655440208', 'tom.wilson@example.com', NOW(), NOW(), NOW(), '{"full_name": "Tom Wilson", "username": "tom_wilson"}'),
('550e8400-e29b-41d4-a716-446655440209', 'alex.chen@example.com', NOW(), NOW(), NOW(), '{"full_name": "Alex Chen", "username": "alex_chen"}'),
('550e8400-e29b-41d4-a716-446655440210', 'emily.johnson@example.com', NOW(), NOW(), NOW(), '{"full_name": "Emily Johnson", "username": "emily_johnson"}'),
('550e8400-e29b-41d4-a716-446655440211', 'james.wilson@example.com', NOW(), NOW(), NOW(), '{"full_name": "James Wilson", "username": "james_wilson"}'),
('550e8400-e29b-41d4-a716-446655440212', 'chris.martinez@example.com', NOW(), NOW(), NOW(), '{"full_name": "Chris Martinez", "username": "chris_martinez"}'),
('550e8400-e29b-41d4-a716-446655440213', 'alex.thompson@example.com', NOW(), NOW(), NOW(), '{"full_name": "Alex Thompson", "username": "alex_thompson"}'),
('550e8400-e29b-41d4-a716-446655440214', 'jennifer.lee@example.com', NOW(), NOW(), NOW(), '{"full_name": "Jennifer Lee", "username": "jennifer_lee"}'),
('550e8400-e29b-41d4-a716-446655440215', 'ryan.lewis@example.com', NOW(), NOW(), NOW(), '{"full_name": "Ryan Lewis", "username": "ryan_lewis"}'),
('550e8400-e29b-41d4-a716-446655440216', 'brian.king@example.com', NOW(), NOW(), NOW(), '{"full_name": "Brian King", "username": "brian_king"}'),
('550e8400-e29b-41d4-a716-446655440217', 'lisa.wang@example.com', NOW(), NOW(), NOW(), '{"full_name": "Lisa Wang", "username": "lisa_wang"}'),
('550e8400-e29b-41d4-a716-446655440218', 'maria.garcia@example.com', NOW(), NOW(), NOW(), '{"full_name": "Maria Garcia", "username": "maria_garcia"}'),
('550e8400-e29b-41d4-a716-446655440219', 'robert.taylor@example.com', NOW(), NOW(), NOW(), '{"full_name": "Robert Taylor", "username": "robert_taylor"}'),
('550e8400-e29b-41d4-a716-446655440220', 'sam.lee@example.com', NOW(), NOW(), NOW(), '{"full_name": "Sam Lee", "username": "sam_lee"}'),
('550e8400-e29b-41d4-a716-446655440221', 'elena.volkov@example.com', NOW(), NOW(), NOW(), '{"full_name": "Dr. Elena Volkov", "username": "elena_volkov"}'),
('550e8400-e29b-41d4-a716-446655440222', 'raj.patel@example.com', NOW(), NOW(), NOW(), '{"full_name": "Raj Patel", "username": "raj_patel"}'),
('550e8400-e29b-41d4-a716-446655440223', 'sophie.martin@example.com', NOW(), NOW(), NOW(), '{"full_name": "Sophie Martin", "username": "sophie_martin"}'),
('550e8400-e29b-41d4-a716-446655440224', 'marcus.johnson@example.com', NOW(), NOW(), NOW(), '{"full_name": "Marcus Johnson", "username": "marcus_johnson"}'),
('550e8400-e29b-41d4-a716-446655440225', 'yuki.tanaka@example.com', NOW(), NOW(), NOW(), '{"full_name": "Yuki Tanaka", "username": "yuki_tanaka"}'),
('550e8400-e29b-41d4-a716-446655440226', 'emma.green@example.com', NOW(), NOW(), NOW(), '{"full_name": "Emma Green", "username": "emma_green"}'),
('550e8400-e29b-41d4-a716-446655440227', 'david.kim2@example.com', NOW(), NOW(), NOW(), '{"full_name": "David Kim", "username": "david_kim2"}'),
('550e8400-e29b-41d4-a716-446655440228', 'lucas.rivera@example.com', NOW(), NOW(), NOW(), '{"full_name": "Lucas Rivera", "username": "lucas_rivera"}'),
('550e8400-e29b-41d4-a716-446655440229', 'isabella.rossi@example.com', NOW(), NOW(), NOW(), '{"full_name": "Isabella Rossi", "username": "isabella_rossi"}'),
('550e8400-e29b-41d4-a716-446655440230', 'marco.chef@example.com', NOW(), NOW(), NOW(), '{"full_name": "Chef Marco", "username": "marco_chef"}'),
('550e8400-e29b-41d4-a716-446655440231', 'sarah.chen2@example.com', NOW(), NOW(), NOW(), '{"full_name": "Dr. Sarah Chen", "username": "sarah_chen2"}'),
('550e8400-e29b-41d4-a716-446655440232', 'ana.silva@example.com', NOW(), NOW(), NOW(), '{"full_name": "Ana Silva", "username": "ana_silva"}'),
('550e8400-e29b-41d4-a716-446655440233', 'james.attorney@example.com', NOW(), NOW(), NOW(), '{"full_name": "Attorney James", "username": "james_attorney"}'),
('550e8400-e29b-41d4-a716-446655440234', 'green.energy@example.com', NOW(), NOW(), NOW(), '{"full_name": "Green Energy Co", "username": "green_energy"}'),
('550e8400-e29b-41d4-a716-446655440235', 'edutech.solutions@example.com', NOW(), NOW(), NOW(), '{"full_name": "EduTech Solutions", "username": "edutech_solutions"}'),
('550e8400-e29b-41d4-a716-446655440236', 'garden.tech@example.com', NOW(), NOW(), NOW(), '{"full_name": "Garden Tech", "username": "garden_tech"}'),
('550e8400-e29b-41d4-a716-446655440237', 'dr.wellness@example.com', NOW(), NOW(), NOW(), '{"full_name": "Dr. Wellness", "username": "dr_wellness"}'),
('550e8400-e29b-41d4-a716-446655440238', 'chef.ai@example.com', NOW(), NOW(), NOW(), '{"full_name": "Chef AI", "username": "chef_ai"}'),
('550e8400-e29b-41d4-a716-446655440239', 'secure.id@example.com', NOW(), NOW(), NOW(), '{"full_name": "SecureID Inc", "username": "secure_id"}'),
('550e8400-e29b-41d4-a716-446655440240', 'ecosort@example.com', NOW(), NOW(), NOW(), '{"full_name": "EcoSort", "username": "ecosort"}'),
('550e8400-e29b-41d4-a716-446655440241', 'ar.shop@example.com', NOW(), NOW(), NOW(), '{"full_name": "AR Shop", "username": "ar_shop"}'),
('550e8400-e29b-41d4-a716-446655440242', 'finance.ai@example.com', NOW(), NOW(), NOW(), '{"full_name": "FinanceAI", "username": "finance_ai"}'),
('550e8400-e29b-41d4-a716-446655440243', 'secure.home@example.com', NOW(), NOW(), NOW(), '{"full_name": "SecureHome", "username": "secure_home"}'),
('550e8400-e29b-41d4-a716-446655440244', 'holotech@example.com', NOW(), NOW(), NOW(), '{"full_name": "HoloTech", "username": "holotech"}'),
('550e8400-e29b-41d4-a716-446655440245', 'career.ai@example.com', NOW(), NOW(), NOW(), '{"full_name": "CareerAI", "username": "career_ai"}'),
('550e8400-e29b-41d4-a716-446655440246', 'aqua.tech@example.com', NOW(), NOW(), NOW(), '{"full_name": "AquaTech", "username": "aqua_tech"}'),
('550e8400-e29b-41d4-a716-446655440247', 'art.ai@example.com', NOW(), NOW(), NOW(), '{"full_name": "ArtAI", "username": "art_ai"}'),
('550e8400-e29b-41d4-a716-446655440248', 'pet.tech@example.com', NOW(), NOW(), NOW(), '{"full_name": "PetTech", "username": "pet_tech"}'),
('550e8400-e29b-41d4-a716-446655440249', 'med.ai@example.com', NOW(), NOW(), NOW(), '{"full_name": "MedAI", "username": "med_ai"}');

INSERT INTO media_assets (id, type, url) VALUES
('550e8400-e29b-41d4-a716-446655440320', 'image', 'https://i.pinimg.com/736x/c5/25/79/c52579ef24e8579758053164837b33d2.jpg'),
('550e8400-e29b-41d4-a716-446655440321', 'image', 'https://encrypted-tbn0.gstatic.com/images?q=tbn:ANd9GcRcowXahnyt_VqT8gHIR0JWcgSl832FAQ6yFQ&s'),
('550e8400-e29b-41d4-a716-446655440322', 'video', 'https://commondatastorage.googleapis.com/gtv-videos-bucket/sample/BigBuckBunny.mp4'),
('550e8400-e29b-41d4-a716-446655440323', 'video', 'https://commondatastorage.googleapis.com/gtv-videos-bucket/sample/ElephantsDream.mp4'),
('550e8400-e29b-41d4-a716-446655440324', 'image', 'https://is1-ssl.mzstatic.com/image/thumb/B0-2kLh7yVSyBsPEiULgHQ/1200x675.jpg');

UPDATE users SET profile_media_id = '550e8400-e29b-41d4-a716-446655440324';

INSERT INTO ideas (id, creator_id, title, status_flag, anonymous, content, tags, version_number, idea_group_id, is_active_version, created_at) VALUES
('550e8400-e29b-41d4-a716-446655440010', '550e8400-e29b-41d4-a716-446655440200', 'AI-Powered Meal Planning App', 'new', FALSE,
'{"blocks": [{"type": "heading", "level": 2, "text": "Revolutionary Approach to Meal Planning"}, {"type": "text", "size": "large", "content": "Our AI-powered meal planning app transforms how people approach nutrition and meal preparation. By leveraging advanced machine learning algorithms, we analyze individual dietary needs, preferences, and constraints to create truly personalized meal plans."}, {"type": "spacer", "height": 32}, {"type": "heading", "level": 3, "text": "Key Features"}, {"type": "text", "content": "• Personalized meal recommendations based on dietary restrictions\n• Budget optimization for grocery shopping\n• Integration with local grocery stores for easy ordering\n• Nutritional tracking and health insights\n• Recipe suggestions based on available ingredients"}, {"type": "carousel", "slides": [{"image": "https://i.pinimg.com/736x/c5/25/79/c52579ef24e8579758053164837b33d2.jpg", "title": "Smart Meal Planning", "description": "Our AI analyzes your preferences and creates weekly meal plans that fit your lifestyle and dietary needs."}, {"image": "https://i.pinimg.com/736x/c5/25/79/c52579ef24e8579758053164837b33d2.jpg", "title": "Budget Optimization", "description": "Automatically optimize your grocery list to maximize nutrition while staying within your budget."}, {"video": "https://commondatastorage.googleapis.com/gtv-videos-bucket/sample/BigBuckBunny.mp4", "title": "See It In Action", "description": "Watch how our app simplifies meal planning and makes healthy eating accessible to everyone."}]}, {"type": "spacer", "height": 32}, {"type": "heading", "level": 3, "text": "Market Opportunity"}, {"type": "text", "content": "The meal planning market is rapidly growing, with an estimated value of $12.5 billion by 2025. Our solution addresses key pain points: time constraints, dietary restrictions, and budget management. With over 60% of consumers expressing interest in personalized nutrition solutions, the market opportunity is substantial."}, {"type": "video", "src": "https://commondatastorage.googleapis.com/gtv-videos-bucket/sample/ElephantsDream.mp4", "title": "Product Demo", "description": "Watch a comprehensive demo of our AI meal planning features and user interface."}, {"type": "spacer", "height": 32}, {"type": "heading", "level": 3, "text": "Technical Implementation"}, {"type": "html", "content": "<div class=\"bg-gray-100 p-6 rounded-lg\"><h4 class=\"text-xl font-semibold mb-4\">Technology Stack</h4><ul class=\"space-y-2\"><li><strong>Backend:</strong> Node.js with Express, PostgreSQL database</li><li><strong>AI/ML:</strong> TensorFlow for recommendation engine, OpenAI API for recipe generation</li><li><strong>Frontend:</strong> React Native for mobile, React for web</li><li><strong>Integrations:</strong> Stripe for payments, Google Maps API for store locations</li></ul></div>"}], "hero_image": "https://i.pinimg.com/736x/c5/25/79/c52579ef24e8579758053164837b33d2.jpg", "description": "Our AI-powered meal planning app transforms how people approach nutrition and meal preparation."}',
'["AI", "Health", "Food"]', 1, '550e8400-e29b-41d4-a716-446655440010', FALSE, '2024-01-15T00:00:00Z'),

('550e8400-e29b-41d4-a716-446655440011', '550e8400-e29b-41d4-a716-446655440201', 'Sustainable Fashion Marketplace', 'new', FALSE,
'{"blocks": [{"type": "heading", "level": 2, "text": "Revolutionizing Fashion Through Sustainability"}, {"type": "text", "size": "large", "content": "Our marketplace bridges the gap between conscious consumers and ethical fashion brands. We curate a selection of verified sustainable brands, making it easier than ever to shop with purpose and style."}, {"type": "image", "src": "https://i.pinimg.com/736x/c5/25/79/c52579ef24e8579758053164837b33d2.jpg", "caption": "Discover brands that align with your values"}, {"type": "heading", "level": 3, "text": "Our Mission"}, {"type": "text", "content": "We believe fashion should be both beautiful and responsible. Our platform ensures every purchase supports:\n\n• Ethical labor practices\n• Sustainable materials and production\n• Carbon-neutral shipping\n• Circular economy principles"}, {"type": "carousel", "slides": [{"image": "https://i.pinimg.com/736x/c5/25/79/c52579ef24e8579758053164837b33d2.jpg", "title": "Eco-Friendly Materials", "description": "Browse collections made from organic cotton, recycled polyester, and innovative sustainable fabrics."}, {"video": "https://commondatastorage.googleapis.com/gtv-videos-bucket/sample/ForBiggerBlazes.mp4", "title": "Brand Stories", "description": "Learn about the artisans and designers behind each sustainable brand."}, {"image": "https://i.pinimg.com/736x/c5/25/79/c52579ef24e8579758053164837b33d2.jpg", "title": "Impact Tracking", "description": "See the environmental impact of your purchases in real-time."}]}], "hero_image": "https://encrypted-tbn0.gstatic.com/images?q=tbn:ANd9GcRcowXahnyt_VqT8gHIR0JWcgSl832FAQ6yFQ&s", "description": "Our marketplace bridges the gap between conscious consumers and ethical fashion brands."}',
'["Fashion", "Sustainability", "E-commerce"]', 1, '550e8400-e29b-41d4-a716-446655440011', TRUE, '2024-01-14T00:00:00Z'),

('550e8400-e29b-41d4-a716-446655440012', '550e8400-e29b-41d4-a716-446655440202', 'Personal Finance AI Assistant', 'active_discussion', FALSE,
'{"blocks": [{"type": "heading", "level": 2, "text": "Your Personal Financial Advisor, Always Available"}, {"type": "text", "size": "large", "content": "Take control of your financial future with our AI-powered assistant. Get personalized insights, automated budgeting, and smart savings recommendations tailored to your unique financial situation."}, {"type": "video", "src": "https://commondatastorage.googleapis.com/gtv-videos-bucket/sample/ForBiggerEscapes.mp4", "title": "How It Works", "description": "See how our AI analyzes your spending patterns and provides actionable financial advice."}, {"type": "heading", "level": 3, "text": "Key Features"}, {"type": "html", "content": "<div class=\"grid grid-cols-1 md:grid-cols-2 gap-4\"><div class=\"bg-gray-100 p-4 rounded-lg\"><h4 class=\"font-semibold mb-2\">Smart Budgeting</h4><p class=\"text-sm\">Automatically categorize expenses and create personalized budgets</p></div><div class=\"bg-gray-100 p-4 rounded-lg\"><h4 class=\"font-semibold mb-2\">Savings Goals</h4><p class=\"text-sm\">Set and track financial goals with AI-powered recommendations</p></div><div class=\"bg-gray-100 p-4 rounded-lg\"><h4 class=\"font-semibold mb-2\">Bill Reminders</h4><p class=\"text-sm\">Never miss a payment with intelligent reminders</p></div><div class=\"bg-gray-100 p-4 rounded-lg\"><h4 class=\"font-semibold mb-2\">Investment Insights</h4><p class=\"text-sm\">Get personalized investment advice based on your risk profile</p></div></div>"}, {"type": "spacer", "height": 24}, {"type": "text", "content": "Our AI learns from your spending habits and provides increasingly accurate predictions and recommendations. The more you use it, the smarter it gets."}], "hero_video": "https://commondatastorage.googleapis.com/gtv-videos-bucket/sample/ForBiggerEscapes.mp4", "description": "Take control of your financial future with our AI-powered assistant."}',
'["AI", "Finance", "Fintech"]', 1, '550e8400-e29b-41d4-a716-446655440012', FALSE, '2024-01-12T00:00:00Z'),

('550e8400-e29b-41d4-a716-446655440013', '550e8400-e29b-41d4-a716-446655440203', 'AR Interior Design Tool', 'validated', FALSE,
'{"blocks": [{"type": "heading", "level": 2, "text": "See It Before You Buy It"}, {"type": "text", "size": "large", "content": "Transform your home design process with our cutting-edge AR technology. Place virtual furniture in your actual space using your smartphone camera, ensuring perfect fit and style before making a purchase."}, {"type": "carousel", "slides": [{"image": "https://i.pinimg.com/736x/c5/25/79/c52579ef24e8579758053164837b33d2.jpg", "title": "Real-Time Visualization", "description": "See how furniture looks in your space with accurate scale and lighting."}, {"video": "https://commondatastorage.googleapis.com/gtv-videos-bucket/sample/ForBiggerFun.mp4", "title": "AR Demo", "description": "Watch how easy it is to place and arrange virtual furniture in any room."}, {"image": "https://i.pinimg.com/736x/c5/25/79/c52579ef24e8579758053164837b33d2.jpg", "title": "Style Matching", "description": "Get AI-powered style recommendations based on your existing decor."}]}, {"type": "heading", "level": 3, "text": "Why Use AR for Interior Design?"}, {"type": "text", "content": "Traditional furniture shopping involves guesswork and often leads to returns. Our AR tool eliminates uncertainty by:\n\n• Showing true-to-scale furniture placement\n• Matching colors and styles with your existing decor\n• Saving time and reducing returns\n• Enabling confident purchasing decisions"}, {"type": "image", "src": "https://i.pinimg.com/736x/c5/25/79/c52579ef24e8579758053164837b33d2.jpg", "caption": "Experience the future of home shopping"}], "hero_image": "https://i.pinimg.com/736x/c5/25/79/c52579ef24e8579758053164837b33d2.jpg", "description": "Transform your home design process with our cutting-edge AR technology."}',
'["AR", "E-commerce", "Design"]', 1, '550e8400-e29b-41d4-a716-446655440013', TRUE, '2024-01-02T00:00:00Z'),

('550e8400-e29b-41d4-a716-446655440014', '550e8400-e29b-41d4-a716-446655440204', 'AI Content Creation Suite', 'validated', FALSE,
'{"blocks": [{"type": "heading", "level": 2, "text": "Create Content 10x Faster with AI"}, {"type": "text", "size": "large", "content": "Our comprehensive AI suite empowers content creators, marketers, and businesses to produce high-quality content at scale. From blog posts to social media captions, our AI understands your brand voice and creates content that resonates."}, {"type": "video", "src": "https://commondatastorage.googleapis.com/gtv-videos-bucket/sample/ForBiggerJoyrides.mp4", "title": "Content Creation Demo", "description": "Watch how our AI generates engaging content in seconds."}, {"type": "heading", "level": 3, "text": "All-in-One Content Platform"}, {"type": "text", "content": "Our suite includes:\n\n• Blog post generator with SEO optimization\n• Social media content creator for all platforms\n• Email marketing copy generator\n• Product descriptions and ad copy\n• Content rewriting and optimization\n• Multi-language support"}, {"type": "html", "content": "<div class=\"bg-gradient-to-r from-accent/10 to-accent/5 p-6 rounded-lg border border-accent/20\"><h4 class=\"text-xl font-semibold mb-3\">Enterprise Features</h4><ul class=\"space-y-2\"><li>✓ Team collaboration tools</li><li>✓ Brand voice customization</li><li>✓ Content analytics and insights</li><li>✓ API access for integrations</li><li>✓ Priority support</li></ul></div>"}, {"type": "spacer", "height": 24}], "hero_video": "https://commondatastorage.googleapis.com/gtv-videos-bucket/sample/ForBiggerJoyrides.mp4", "description": "Our comprehensive AI suite empowers content creators, marketers, and businesses to produce high-quality content at scale."}',
'["AI", "E-commerce"]', 1, '550e8400-e29b-41d4-a716-446655440014', TRUE, '2023-12-31T00:00:00Z'),

('550e8400-e29b-41d4-a716-446655440015', '550e8400-e29b-41d4-a716-446655440205', 'Virtual Reality Fitness Studio', 'new', FALSE,
'{"blocks": [{"type": "heading", "level": 2, "text": "Work Out Anywhere, Anytime"}, {"type": "text", "size": "large", "content": "Experience fitness like never before. Our VR fitness studio transports you to breathtaking locations while you work out, making exercise engaging, fun, and effective."}, {"type": "carousel", "slides": [{"video": "https://commondatastorage.googleapis.com/gtv-videos-bucket/sample/ForBiggerMeltdowns.mp4", "title": "Mountain Climbing Workout", "description": "Climb virtual mountains while doing cardio and strength training."}, {"image": "https://i.pinimg.com/736x/c5/25/79/c52579ef24e8579758053164837b33d2.jpg", "title": "Beach Yoga Sessions", "description": "Practice yoga on virtual beaches around the world."}, {"image": "https://i.pinimg.com/736x/c5/25/79/c52579ef24e8579758053164837b33d2.jpg", "title": "Boxing in Virtual Arenas", "description": "Train like a champion in immersive boxing environments."}]}, {"type": "heading", "level": 3, "text": "Workout Programs"}, {"type": "text", "content": "Choose from hundreds of VR workout programs:\n\n• Cardio adventures in exotic locations\n• Strength training with virtual trainers\n• Yoga and meditation in serene environments\n• Competitive sports and challenges\n• Personalized workout plans"}, {"type": "image", "src": "https://i.pinimg.com/736x/c5/25/79/c52579ef24e8579758053164837b33d2.jpg", "caption": "All you need is a VR headset to get started"}], "hero_image": "https://i.pinimg.com/736x/c5/25/79/c52579ef24e8579758053164837b33d2.jpg", "description": "Experience fitness like never before with VR."}',
'["Health", "Finance"]', 1, '550e8400-e29b-41d4-a716-446655440015', TRUE, '2024-01-16T00:00:00Z'),

('550e8400-e29b-41d4-a716-446655440016', '550e8400-e29b-41d4-a716-446655440206', 'Smart City Traffic Optimization', 'validated', FALSE,
'{"blocks": [{"type": "heading", "level": 2, "text": "Smarter Cities, Smoother Traffic"}, {"type": "text", "size": "large", "content": "Transform urban mobility with our AI-powered traffic optimization system. Using advanced IoT sensors and machine learning, we reduce congestion, improve air quality, and make cities more livable."}, {"type": "video", "src": "https://commondatastorage.googleapis.com/gtv-videos-bucket/sample/Sintel.mp4", "title": "System Overview", "description": "See how our AI analyzes traffic patterns and optimizes signal timing in real-time."}, {"type": "heading", "level": 3, "text": "How It Works"}, {"type": "html", "content": "<div class=\"space-y-4\"><div class=\"flex items-start gap-4\"><div class=\"flex-shrink-0 w-8 h-8 bg-accent rounded-full flex items-center justify-center text-text-primary font-bold\">1</div><div><h4 class=\"font-semibold mb-1\">IoT Sensor Network</h4><p class=\"text-sm text-text-secondary\">Deploy sensors throughout the city to monitor traffic flow, vehicle counts, and congestion patterns.</p></div></div><div class=\"flex items-start gap-4\"><div class=\"flex-shrink-0 w-8 h-8 bg-accent rounded-full flex items-center justify-center text-text-primary font-bold\">2</div><div><h4 class=\"font-semibold mb-1\">AI Analysis</h4><p class=\"text-sm text-text-secondary\">Machine learning algorithms process data in real-time to predict traffic patterns and optimize signal timing.</p></div></div><div class=\"flex items-start gap-4\"><div class=\"flex-shrink-0 w-8 h-8 bg-accent rounded-full flex items-center justify-center text-text-primary font-bold\">3</div><div><h4 class=\"font-semibold mb-1\">Dynamic Optimization</h4><p class=\"text-sm text-text-secondary\">Traffic signals adjust automatically to reduce wait times and improve flow.</p></div></div></div>"}, {"type": "spacer", "height": 24}, {"type": "text", "content": "Cities using our system have seen:\n\n• 30% reduction in average commute time\n• 25% decrease in traffic-related emissions\n• 40% improvement in emergency vehicle response times\n• Significant cost savings on infrastructure"}], "hero_video": "https://commondatastorage.googleapis.com/gtv-videos-bucket/sample/Sintel.mp4", "description": "Transform urban mobility with our AI-powered traffic optimization system."}',
'["AI", "E-commerce"]', 1, '550e8400-e29b-41d4-a716-446655440016', TRUE, '2024-01-17T00:00:00Z'),

('550e8400-e29b-41d4-a716-446655440017', '550e8400-e29b-41d4-a716-446655440207', 'Blockchain-Based Voting System', 'trending', FALSE,
'{"blocks": [{"type": "heading", "level": 2, "text": "Democracy Reimagined with Blockchain"}, {"type": "text", "size": "large", "content": "Our blockchain-based voting system ensures transparency, security, and verifiability in elections. Every vote is encrypted, immutable, and publicly auditable while maintaining voter privacy."}, {"type": "carousel", "slides": [{"image": "https://i.pinimg.com/736x/c5/25/79/c52579ef24e8579758053164837b33d2.jpg", "title": "Secure Voting", "description": "Military-grade encryption ensures votes cannot be tampered with or altered."}, {"video": "https://commondatastorage.googleapis.com/gtv-videos-bucket/sample/SubaruOutbackOnStreetAndDirt.mp4", "title": "Transparency", "description": "Public blockchain allows anyone to verify election results without compromising voter privacy."}, {"image": "https://i.pinimg.com/736x/c5/25/79/c52579ef24e8579758053164837b33d2.jpg", "title": "Accessibility", "description": "Vote from anywhere using your smartphone or computer."}]}, {"type": "heading", "level": 3, "text": "Key Security Features"}, {"type": "text", "content": "• End-to-end encryption protects voter identity\n• Immutable blockchain ledger prevents vote tampering\n• Multi-factor authentication ensures only eligible voters can participate\n• Real-time result verification\n• Audit trail for complete transparency"}, {"type": "html", "content": "<div class=\"bg-gray-100 p-6 rounded-lg\"><h4 class=\"text-lg font-semibold mb-3\">Trusted By</h4><p class=\"text-sm text-text-secondary mb-4\">Our system has been used in:</p><ul class=\"space-y-2 text-sm\"><li>• University student elections</li><li>• Corporate board voting</li><li>• Community association polls</li><li>• Non-profit organization decisions</li></ul></div>"}], "hero_image": "https://i.pinimg.com/736x/c5/25/79/c52579ef24e8579758053164837b33d2.jpg", "description": "Our blockchain-based voting system ensures transparency, security, and verifiability in elections."}',
'["AI", "Finance"]', 1, '550e8400-e29b-41d4-a716-446655440017', TRUE, '2024-01-18T00:00:00Z'),

('550e8400-e29b-41d4-a716-446655440018', '550e8400-e29b-41d4-a716-446655440208', '3D Printing Marketplace', 'validated', FALSE,
'{"blocks": [{"type": "heading", "level": 2, "text": "Bring Your Designs to Life"}, {"type": "text", "size": "large", "content": "Connect with professional 3D printing services worldwide. Upload your designs, get instant quotes, and receive high-quality prints delivered to your door."}, {"type": "image", "src": "https://i.pinimg.com/736x/c5/25/79/c52579ef24e8579758053164837b33d2.jpg", "caption": "Professional 3D printing services at your fingertips"}, {"type": "heading", "level": 3, "text": "What You Can Create"}, {"type": "text", "content": "Our marketplace supports a wide range of 3D printing applications:\n\n• Product prototypes and testing\n• Custom jewelry and accessories\n• Architectural models\n• Medical devices and prosthetics\n• Art and sculptures\n• Replacement parts and components"}, {"type": "video", "src": "https://commondatastorage.googleapis.com/gtv-videos-bucket/sample/TearsOfSteel.mp4", "title": "See It In Action", "description": "Watch how designers use their platform to bring their ideas to reality."}], "hero_image": "https://i.pinimg.com/736x/c5/25/79/c52579ef24e8579758053164837b33d2.jpg", "description": "Connect with professional 3D printing services worldwide."}',
'["E-commerce", "Design"]', 1, '550e8400-e29b-41d4-a716-446655440018', TRUE, '2024-01-19T00:00:00Z'),

('550e8400-e29b-41d4-a716-446655440019', '550e8400-e29b-41d4-a716-446655440209', 'Neural Interface Gaming', 'trending', FALSE,
'{"blocks": [{"type": "heading", "level": 2, "text": "Control Games with Your Mind"}, {"type": "text", "size": "large", "content": "Experience the future of gaming with our neural interface technology. Control characters, cast spells, and interact with virtual worlds using only your thoughts. This is not science fiction—it is happening now."}, {"type": "carousel", "slides": [{"video": "https://commondatastorage.googleapis.com/gtv-videos-bucket/sample/VolkswagenGTIReview.mp4", "title": "Mind Control Demo", "description": "See how players control games using brain-computer interfaces."}, {"image": "https://i.pinimg.com/736x/c5/25/79/c52579ef24e8579758053164837b33d2.jpg", "title": "Immersive Experiences", "description": "Feel like you are truly inside the game with neural feedback."}, {"image": "https://i.pinimg.com/736x/c5/25/79/c52579ef24e8579758053164837b33d2.jpg", "title": "Accessibility", "description": "Gaming becomes accessible to everyone, regardless of physical limitations."}]}, {"type": "heading", "level": 3, "text": "How Neural Gaming Works"}, {"type": "text", "content": "Our headset reads brain signals through EEG sensors:\n\n1. Think about an action (move left, jump, attack)\n2. Neural patterns are detected and interpreted\n3. Commands are sent to the game in real-time\n4. Visual and haptic feedback enhances immersion"}, {"type": "html", "content": "<div class=\"bg-gradient-to-br from-purple-500/10 to-blue-500/10 p-6 rounded-lg border border-purple-500/20\"><h4 class=\"text-xl font-semibold mb-3\">Supported Games</h4><div class=\"grid grid-cols-2 gap-3 text-sm\"><div>✓ Puzzle Games</div><div>✓ Strategy Games</div><div>✓ Adventure Games</div><div>✓ Racing Games</div><div>✓ VR Experiences</div><div>✓ Educational Apps</div></div></div>"}], "hero_video": "https://commondatastorage.googleapis.com/gtv-videos-bucket/sample/VolkswagenGTIReview.mp4", "description": "Experience the future of gaming with our neural interface technology."}',
'["AI", "Finance"]', 1, '550e8400-e29b-41d4-a716-446655440019', TRUE, '2024-01-20T00:00:00Z'),

('550e8400-e29b-41d4-a716-446655440020', '550e8400-e29b-41d4-a716-446655440201', 'Carbon Capture Technology', 'active_discussion', FALSE,
'{"blocks": [{"type": "heading", "level": 2, "text": "Direct Air Capture at Scale"}, {"type": "text", "size": "large", "content": "Our breakthrough carbon capture technology removes CO2 directly from the atmosphere at unprecedented efficiency. Using advanced molecular sieves and renewable energy, we can capture carbon at a fraction of current costs."}, {"type": "image", "src": "https://i.pinimg.com/736x/c5/25/79/c52579ef24e8579758053164837b33d2.jpg", "caption": "Our modular capture units can be deployed anywhere"}, {"type": "heading", "level": 3, "text": "How It Works"}, {"type": "text", "content": "Our system uses:\n\n• Advanced molecular sieves that selectively capture CO2\n• Renewable energy for the capture process\n• Underground storage in basalt formations\n• Real-time monitoring and optimization"}], "hero_image": "https://i.pinimg.com/736x/c5/25/79/c52579ef24e8579758053164837b33d2.jpg", "description": "Our breakthrough carbon capture technology removes CO2 directly from the atmosphere."}',
'["Sustainability", "Health"]', 1, '550e8400-e29b-41d4-a716-446655440020', TRUE, '2024-01-21T00:00:00Z'),

('550e8400-e29b-41d4-a716-446655440021', '550e8400-e29b-41d4-a716-446655440203', 'Autonomous AI Ethics Framework', 'new', FALSE,
'{"blocks": [{"type": "heading", "level": 2, "text": "Ethical AI Decision Making"}, {"type": "text", "size": "large", "content": "As AI systems become more autonomous, we need robust ethical frameworks to ensure they make decisions aligned with human values. Our framework provides a comprehensive approach to ethical AI development and deployment."}, {"type": "heading", "level": 3, "text": "Key Components"}, {"type": "text", "content": "• Value alignment algorithms\n• Ethical decision trees\n• Bias detection and mitigation\n• Transparency and explainability\n• Human oversight mechanisms"}], "hero_image": "https://encrypted-tbn0.gstatic.com/images?q=tbn:ANd9GcRcowXahnyt_VqT8gHIR0JWcgSl832FAQ6yFQ&s", "description": "Comprehensive ethical framework for autonomous AI systems."}',
'["AI", "E-commerce"]', 1, '550e8400-e29b-41d4-a716-446655440021', TRUE, '2024-01-22T00:00:00Z'),

('550e8400-e29b-41d4-a716-446655440022', '550e8400-e29b-41d4-a716-446655440205', 'Telemedicine Platform', 'validated', FALSE,
'{"blocks": [{"type": "heading", "level": 2, "text": "Healthcare Access Anywhere"}, {"type": "text", "size": "large", "content": "Our telemedicine platform connects patients with healthcare providers worldwide, breaking down geographical barriers and improving access to quality medical care."}, {"type": "video", "src": "https://commondatastorage.googleapis.com/gtv-videos-bucket/sample/ForBiggerBlazes.mp4", "title": "Platform Demo", "description": "See how our platform works for both patients and providers"}, {"type": "heading", "level": 3, "text": "Features"}, {"type": "text", "content": "• Real-time video consultations\n• AI-powered triage and diagnosis assistance\n• Secure medical record sharing\n• Multi-language support\n• Integration with wearable devices"}], "hero_video": "https://commondatastorage.googleapis.com/gtv-videos-bucket/sample/ForBiggerBlazes.mp4", "description": "Our telemedicine platform connects patients with healthcare providers worldwide."}',
'["Health", "AI"]', 1, '550e8400-e29b-41d4-a716-446655440022', TRUE, '2024-01-23T00:00:00Z'),

('550e8400-e29b-41d4-a716-446655440023', '550e8400-e29b-41d4-a716-446655440206', 'Cryptocurrency Risk Assessment', 'trending', FALSE,
'{"blocks": [{"type": "heading", "level": 2, "text": "Smart Crypto Investment Decisions"}, {"type": "text", "size": "large", "content": "Our AI-powered platform analyzes cryptocurrency markets, blockchain metrics, and macroeconomic factors to provide comprehensive risk assessments and investment recommendations."}, {"type": "heading", "level": 3, "text": "Risk Analysis"}, {"type": "text", "content": "• On-chain metrics analysis\n• Market sentiment tracking\n• Regulatory risk assessment\n• Technical analysis\n• Portfolio optimization"}], "hero_image": "https://i.pinimg.com/736x/c5/25/79/c52579ef24e8579758053164837b33d2.jpg", "description": "AI-powered platform for cryptocurrency risk assessment."}',
'["Finance", "AI"]', 1, '550e8400-e29b-41d4-a716-446655440023', TRUE, '2024-01-24T00:00:00Z'),

('550e8400-e29b-41d4-a716-446655440024', '550e8400-e29b-41d4-a716-446655440207', 'VR Learning Environments', 'active_discussion', FALSE,
'{"blocks": [{"type": "heading", "level": 2, "text": "Immersive Education Revolution"}, {"type": "text", "size": "large", "content": "Transform learning with virtual reality environments that make complex subjects accessible and engaging. From exploring ancient civilizations to understanding molecular structures, VR brings education to life."}, {"type": "carousel", "slides": [{"image": "https://i.pinimg.com/736x/c5/25/79/c52579ef24e8579758053164837b33d2.jpg", "title": "Historical Exploration", "description": "Walk through ancient Rome or Victorian London"}, {"video": "https://commondatastorage.googleapis.com/gtv-videos-bucket/sample/ForBiggerFun.mp4", "title": "Science Labs", "description": "Conduct virtual experiments in safe environments"}, {"image": "https://i.pinimg.com/736x/c5/25/79/c52579ef24e8579758053164837b33d2.jpg", "title": "Language Learning", "description": "Practice conversations in virtual cities"}]}], "hero_image": "https://i.pinimg.com/736x/c5/25/79/c52579ef24e8579758053164837b33d2.jpg", "description": "Transform learning with virtual reality environments."}',
'["E-commerce", "Health"]', 1, '550e8400-e29b-41d4-a716-446655440024', TRUE, '2024-01-25T00:00:00Z'),

('550e8400-e29b-41d4-a716-446655440025', '550e8400-e29b-41d4-a716-446655440208', 'Smart Traffic Light System', 'validated', FALSE,
'{"blocks": [{"type": "heading", "level": 2, "text": "AI-Optimized Traffic Flow"}, {"type": "text", "size": "large", "content": "Our intelligent traffic light system uses computer vision, IoT sensors, and machine learning to optimize traffic flow in real-time, reducing congestion and emissions."}, {"type": "heading", "level": 3, "text": "Benefits"}, {"type": "text", "content": "• 40% reduction in travel time\n• 25% decrease in emissions\n• Emergency vehicle priority\n• Pedestrian safety improvements\n• Adaptive to changing conditions"}], "hero_image": "https://encrypted-tbn0.gstatic.com/images?q=tbn:ANd9GcRcowXahnyt_VqT8gHIR0JWcgSl832FAQ6yFQ&s", "description": "Our intelligent traffic light system uses AI and IoT to optimize traffic flow."}',
'["AI", "Sustainability"]', 1, '550e8400-e29b-41d4-a716-446655440025', TRUE, '2024-01-26T00:00:00Z'),

('550e8400-e29b-41d4-a716-446655440026', '550e8400-e29b-41d4-a716-446655440209', 'Recycling AI Sorter', 'new', FALSE,
'{"blocks": [{"type": "heading", "level": 2, "text": "Perfect Recycling Every Time"}, {"type": "text", "size": "large", "content": "Our AI-powered recycling sorter uses advanced computer vision to identify and sort recyclable materials with 99% accuracy, making recycling efficient and profitable."}, {"type": "image", "src": "https://i.pinimg.com/736x/c5/25/79/c52579ef24e8579758053164837b33d2.jpg", "caption": "Automated sorting at scale"}, {"type": "heading", "level": 3, "text": "Technology"}, {"type": "text", "content": "• Multi-spectral imaging\n• Deep learning classification\n• Robotic sorting arms\n• Real-time quality control\n• Integration with existing facilities"}], "hero_image": "https://i.pinimg.com/736x/c5/25/79/c52579ef24e8579758053164837b33d2.jpg", "description": "AI-powered recycling sorter with 99% accuracy."}',
'["AI", "Sustainability"]', 1, '550e8400-e29b-41d4-a716-446655440026', TRUE, '2024-01-27T00:00:00Z'),

('550e8400-e29b-41d4-a716-446655440027', '550e8400-e29b-41d4-a716-446655440210', 'Quantum Computing Applications', 'trending', FALSE,
'{"blocks": [{"type": "heading", "level": 2, "text": "Quantum Advantage Today"}, {"type": "text", "size": "large", "content": "While full quantum supremacy is still developing, our hybrid quantum-classical algorithms provide practical advantages for optimization, simulation, and machine learning problems."}, {"type": "heading", "level": 3, "text": "Applications"}, {"type": "text", "content": "• Drug discovery optimization\n• Financial portfolio optimization\n• Supply chain optimization\n• Climate modeling\n• Cryptography research"}], "hero_image": "https://encrypted-tbn0.gstatic.com/images?q=tbn:ANd9GcRcowXahnyt_VqT8gHIR0JWcgSl832FAQ6yFQ&s", "description": "Hybrid quantum-classical algorithms for practical advantages."}',
'["AI", "Health"]', 1, '550e8400-e29b-41d4-a716-446655440027', TRUE, '2024-01-28T00:00:00Z'),

('550e8400-e29b-41d4-a716-446655440028', '550e8400-e29b-41d4-a716-446655440211', 'Mental Health AI Companion', 'active_discussion', FALSE,
'{"blocks": [{"type": "heading", "level": 2, "text": "24/7 Mental Health Support"}, {"type": "text", "size": "large", "content": "Our AI companion provides personalized mental health support, combining evidence-based techniques with continuous learning from user interactions and clinical research."}, {"type": "heading", "level": 3, "text": "Features"}, {"type": "text", "content": "• Cognitive behavioral therapy techniques\n• Mood tracking and analysis\n• Crisis detection and response\n• Personalized coping strategies\n• Integration with human therapists"}], "hero_image": "https://i.pinimg.com/736x/c5/25/79/c52579ef24e8579758053164837b33d2.jpg", "description": "AI companion for personalized mental health support."}',
'["Health", "AI"]', 1, '550e8400-e29b-41d4-a716-446655440028', TRUE, '2024-01-29T00:00:00Z'),

('550e8400-e29b-41d4-a716-446655440029', '550e8400-e29b-41d4-a716-446655440212', 'Blockchain Supply Chain', 'validated', FALSE,
'{"blocks": [{"type": "heading", "level": 2, "text": "Transparent Supply Chains"}, {"type": "text", "size": "large", "content": "Our blockchain platform provides end-to-end visibility and traceability for supply chains, ensuring authenticity, reducing fraud, and improving efficiency."}, {"type": "heading", "level": 3, "text": "Benefits"}, {"type": "text", "content": "• Product authenticity verification\n• Real-time tracking\n• Automated compliance\n• Reduced counterfeiting\n• Improved efficiency"}], "hero_image": "https://encrypted-tbn0.gstatic.com/images?q=tbn:ANd9GcRcowXahnyt_VqT8gHIR0JWcgSl832FAQ6yFQ&s", "description": "Blockchain platform for supply chain visibility and traceability."}',
'["E-commerce", "Finance"]', 1, '550e8400-e29b-41d4-a716-446655440029', TRUE, '2024-01-30T00:00:00Z'),

('550e8400-e29b-41d4-a716-446655440030', '550e8400-e29b-41d4-a716-446655440213', 'Gamified Education Platform', 'new', FALSE,
'{"blocks": [{"type": "heading", "level": 2, "text": "Learning Through Play"}, {"type": "text", "size": "large", "content": "Our gamified learning platform makes education engaging and effective by incorporating game mechanics, rewards, and social learning into traditional curricula."}, {"type": "carousel", "slides": [{"image": "https://i.pinimg.com/736x/c5/25/79/c52579ef24e8579758053164837b33d2.jpg", "title": "Math Adventures", "description": "Solve math problems while exploring fantasy worlds"}, {"video": "https://commondatastorage.googleapis.com/gtv-videos-bucket/sample/ForBiggerMeltdowns.mp4", "title": "Science Quests", "description": "Complete science missions and experiments"}, {"image": "https://i.pinimg.com/736x/c5/25/79/c52579ef24e8579758053164837b33d2.jpg", "title": "Language Challenges", "description": "Learn languages through interactive stories"}]}], "hero_image": "https://i.pinimg.com/736x/c5/25/79/c52579ef24e8579758053164837b33d2.jpg", "description": "Gamified learning platform for engaging education."}',
'["E-commerce", "Health"]', 1, '550e8400-e29b-41d4-a716-446655440030', TRUE, '2024-01-31T00:00:00Z'),

('550e8400-e29b-41d4-a716-446655440031', '550e8400-e29b-41d4-a716-446655440214', 'IoT Water Quality Monitor', 'trending', FALSE,
'{"blocks": [{"type": "heading", "level": 2, "text": "Clean Water Intelligence"}, {"type": "text", "size": "large", "content": "Our IoT sensors continuously monitor water quality in real-time, providing early warning systems for contamination and helping maintain safe water supplies worldwide."}, {"type": "heading", "level": 3, "text": "Monitoring Parameters"}, {"type": "text", "content": "• pH levels\n• Turbidity\n• Chemical contaminants\n• Biological indicators\n• Temperature and flow rate"}], "hero_image": "https://i.pinimg.com/736x/c5/25/79/c52579ef24e8579758053164837b33d2.jpg", "description": "IoT sensors for real-time water quality monitoring."}',
'["Health", "Sustainability"]', 1, '550e8400-e29b-41d4-a716-446655440031', TRUE, '2024-02-01T00:00:00Z'),

('550e8400-e29b-41d4-a716-446655440050', '550e8400-e29b-41d4-a716-446655440200', 'AI-Powered Meal Planning App - Version 2', 'new', FALSE,
'{"blocks": [{"type": "heading", "level": 2, "text": "Enhanced AI Meal Planning"}, {"type": "text", "size": "large", "content": "Version 2 brings major improvements including grocery delivery integration, family meal planning, and smart kitchen appliance connectivity."}, {"type": "heading", "level": 3, "text": "New Features in V2"}, {"type": "text", "content": "• Direct grocery delivery from 50+ partners\n• Family meal coordination (dietary preferences for multiple users)\n• Smart kitchen appliance integration\n• Meal prep time optimization\n• Leftover tracking and recipe suggestions"}], "hero_image": "https://i.pinimg.com/736x/c5/25/79/c52579ef24e8579758053164837b33d2.jpg", "description": "Enhanced version with grocery delivery and family planning features."}',
'["AI", "Health", "Food"]', 2, '550e8400-e29b-41d4-a716-446655440010', FALSE, '2024-02-10T00:00:00Z'),

('550e8400-e29b-41d4-a716-446655440051', '550e8400-e29b-41d4-a716-446655440200', 'AI-Powered Meal Planning App - Version 3', 'trending', FALSE,
'{"blocks": [{"type": "heading", "level": 2, "text": "Professional Chef Integration"}, {"type": "text", "size": "large", "content": "Version 3 introduces AI-generated gourmet recipes from Michelin-starred chefs and professional nutritionists, bringing restaurant-quality meals to your home kitchen."}, {"type": "heading", "level": 3, "text": "V3 Premium Features"}, {"type": "text", "content": "• Michelin chef-curated recipe library\n• Professional nutritionist consultation AI\n• Wine pairing recommendations\n• Advanced plating and presentation guides\n• Seasonal ingredient spotlights"}, {"type": "video", "src": "https://commondatastorage.googleapis.com/gtv-videos-bucket/sample/BigBuckBunny.mp4", "title": "Chef Integration Demo", "description": "See how our AI works with professional chefs to create amazing meals."}], "hero_video": "https://commondatastorage.googleapis.com/gtv-videos-bucket/sample/BigBuckBunny.mp4", "description": "Professional chef integration for restaurant-quality home cooking."}',
'["AI", "Health", "Food"]', 3, '550e8400-e29b-41d4-a716-446655440010', TRUE, '2024-02-20T00:00:00Z'),

('550e8400-e29b-41d4-a716-446655440052', '550e8400-e29b-41d4-a716-446655440202', 'Personal Finance AI Assistant - Enhanced', 'trending', FALSE,
'{"blocks": [{"type": "heading", "level": 2, "text": "Advanced Investment Strategies"}, {"type": "text", "size": "large", "content": "Version 2 adds sophisticated investment portfolio management, cryptocurrency tracking, and AI-powered market analysis for smarter financial decisions."}, {"type": "heading", "level": 3, "text": "Investment Features"}, {"type": "text", "content": "• Real-time portfolio optimization\n• Cryptocurrency portfolio tracking\n• AI market sentiment analysis\n• Tax optimization strategies\n• Retirement planning projections"}], "hero_video": "https://commondatastorage.googleapis.com/gtv-videos-bucket/sample/ForBiggerEscapes.mp4", "description": "Enhanced with advanced investment and cryptocurrency features."}',
'["AI", "Finance", "Fintech"]', 2, '550e8400-e29b-41d4-a716-446655440012', TRUE, '2024-02-15T00:00:00Z');

INSERT INTO idea_votes (voter_id, idea_id, vote_type) VALUES
('550e8400-e29b-41d4-a716-446655440200', '550e8400-e29b-41d4-a716-446655440051', 'pay'),
('550e8400-e29b-41d4-a716-446655440201', '550e8400-e29b-41d4-a716-446655440051', 'use'),
('550e8400-e29b-41d4-a716-446655440202', '550e8400-e29b-41d4-a716-446655440051', 'use'),
('550e8400-e29b-41d4-a716-446655440203', '550e8400-e29b-41d4-a716-446655440051', 'pay'),
('550e8400-e29b-41d4-a716-446655440204', '550e8400-e29b-41d4-a716-446655440051', 'use'),
('550e8400-e29b-41d4-a716-446655440205', '550e8400-e29b-41d4-a716-446655440051', 'pay'),
('550e8400-e29b-41d4-a716-446655440206', '550e8400-e29b-41d4-a716-446655440051', 'use'),
('550e8400-e29b-41d4-a716-446655440207', '550e8400-e29b-41d4-a716-446655440051', 'pay'),
('550e8400-e29b-41d4-a716-446655440208', '550e8400-e29b-41d4-a716-446655440051', 'use'),
('550e8400-e29b-41d4-a716-446655440209', '550e8400-e29b-41d4-a716-446655440051', 'pay'),
('550e8400-e29b-41d4-a716-446655440210', '550e8400-e29b-41d4-a716-446655440051', 'use'),
('550e8400-e29b-41d4-a716-446655440211', '550e8400-e29b-41d4-a716-446655440051', 'pay'),
('550e8400-e29b-41d4-a716-446655440212', '550e8400-e29b-41d4-a716-446655440011', 'use'),
('550e8400-e29b-41d4-a716-446655440213', '550e8400-e29b-41d4-a716-446655440011', 'use'),
('550e8400-e29b-41d4-a716-446655440214', '550e8400-e29b-41d4-a716-446655440011', 'pay'),
('550e8400-e29b-41d4-a716-446655440215', '550e8400-e29b-41d4-a716-446655440011', 'use'),
('550e8400-e29b-41d4-a716-446655440216', '550e8400-e29b-41d4-a716-446655440011', 'pay'),
('550e8400-e29b-41d4-a716-446655440217', '550e8400-e29b-41d4-a716-446655440011', 'use'),
('550e8400-e29b-41d4-a716-446655440218', '550e8400-e29b-41d4-a716-446655440011', 'dislike'),
('550e8400-e29b-41d4-a716-446655440219', '550e8400-e29b-41d4-a716-446655440011', 'use'),
('550e8400-e29b-41d4-a716-446655440220', '550e8400-e29b-41d4-a716-446655440052', 'pay'),
('550e8400-e29b-41d4-a716-446655440221', '550e8400-e29b-41d4-a716-446655440052', 'use'),
('550e8400-e29b-41d4-a716-446655440222', '550e8400-e29b-41d4-a716-446655440052', 'use'),
('550e8400-e29b-41d4-a716-446655440223', '550e8400-e29b-41d4-a716-446655440052', 'pay'),
('550e8400-e29b-41d4-a716-446655440224', '550e8400-e29b-41d4-a716-446655440052', 'use'),
('550e8400-e29b-41d4-a716-446655440225', '550e8400-e29b-41d4-a716-446655440013', 'pay'),
('550e8400-e29b-41d4-a716-446655440226', '550e8400-e29b-41d4-a716-446655440013', 'use'),
('550e8400-e29b-41d4-a716-446655440227', '550e8400-e29b-41d4-a716-446655440013', 'use'),
('550e8400-e29b-41d4-a716-446655440228', '550e8400-e29b-41d4-a716-446655440013', 'pay'),
('550e8400-e29b-41d4-a716-446655440229', '550e8400-e29b-41d4-a716-446655440013', 'use'),
('550e8400-e29b-41d4-a716-446655440230', '550e8400-e29b-41d4-a716-446655440014', 'use'),
('550e8400-e29b-41d4-a716-446655440231', '550e8400-e29b-41d4-a716-446655440014', 'pay'),
('550e8400-e29b-41d4-a716-446655440232', '550e8400-e29b-41d4-a716-446655440014', 'use'),
('550e8400-e29b-41d4-a716-446655440233', '550e8400-e29b-41d4-a716-446655440014', 'use'),
('550e8400-e29b-41d4-a716-446655440234', '550e8400-e29b-41d4-a716-446655440015', 'pay'),
('550e8400-e29b-41d4-a716-446655440235', '550e8400-e29b-41d4-a716-446655440015', 'use'),
('550e8400-e29b-41d4-a716-446655440236', '550e8400-e29b-41d4-a716-446655440015', 'use'),
('550e8400-e29b-41d4-a716-446655440237', '550e8400-e29b-41d4-a716-446655440016', 'pay'),
('550e8400-e29b-41d4-a716-446655440238', '550e8400-e29b-41d4-a716-446655440016', 'use'),
('550e8400-e29b-41d4-a716-446655440239', '550e8400-e29b-41d4-a716-446655440017', 'pay'),
('550e8400-e29b-41d4-a716-446655440240', '550e8400-e29b-41d4-a716-446655440017', 'use'),
('550e8400-e29b-41d4-a716-446655440241', '550e8400-e29b-41d4-a716-446655440017', 'use'),
('550e8400-e29b-41d4-a716-446655440242', '550e8400-e29b-41d4-a716-446655440018', 'pay'),
('550e8400-e29b-41d4-a716-446655440243', '550e8400-e29b-41d4-a716-446655440018', 'use'),
('550e8400-e29b-41d4-a716-446655440244', '550e8400-e29b-41d4-a716-446655440019', 'pay'),
('550e8400-e29b-41d4-a716-446655440245', '550e8400-e29b-41d4-a716-446655440019', 'use'),
('550e8400-e29b-41d4-a716-446655440246', '550e8400-e29b-41d4-a716-446655440019', 'use'),
('550e8400-e29b-41d4-a716-446655440247', '550e8400-e29b-41d4-a716-446655440020', 'use'),
('550e8400-e29b-41d4-a716-446655440248', '550e8400-e29b-41d4-a716-446655440020', 'pay'),
('550e8400-e29b-41d4-a716-446655440249', '550e8400-e29b-41d4-a716-446655440021', 'use'),
('550e8400-e29b-41d4-a716-446655440200', '550e8400-e29b-41d4-a716-446655440022', 'pay'),
('550e8400-e29b-41d4-a716-446655440201', '550e8400-e29b-41d4-a716-446655440022', 'use'),
('550e8400-e29b-41d4-a716-446655440202', '550e8400-e29b-41d4-a716-446655440023', 'use'),
('550e8400-e29b-41d4-a716-446655440203', '550e8400-e29b-41d4-a716-446655440023', 'pay'),
('550e8400-e29b-41d4-a716-446655440204', '550e8400-e29b-41d4-a716-446655440024', 'use'),
('550e8400-e29b-41d4-a716-446655440205', '550e8400-e29b-41d4-a716-446655440024', 'use'),
('550e8400-e29b-41d4-a716-446655440206', '550e8400-e29b-41d4-a716-446655440025', 'pay'),
('550e8400-e29b-41d4-a716-446655440207', '550e8400-e29b-41d4-a716-446655440025', 'use'),
('550e8400-e29b-41d4-a716-446655440208', '550e8400-e29b-41d4-a716-446655440026', 'use'),
('550e8400-e29b-41d4-a716-446655440209', '550e8400-e29b-41d4-a716-446655440027', 'pay'),
('550e8400-e29b-41d4-a716-446655440210', '550e8400-e29b-41d4-a716-446655440027', 'use'),
('550e8400-e29b-41d4-a716-446655440211', '550e8400-e29b-41d4-a716-446655440028', 'use'),
('550e8400-e29b-41d4-a716-446655440212', '550e8400-e29b-41d4-a716-446655440029', 'pay'),
('550e8400-e29b-41d4-a716-446655440213', '550e8400-e29b-41d4-a716-446655440029', 'use'),
('550e8400-e29b-41d4-a716-446655440214', '550e8400-e29b-41d4-a716-446655440030', 'use'),
('550e8400-e29b-41d4-a716-446655440215', '550e8400-e29b-41d4-a716-446655440030', 'use'),
('550e8400-e29b-41d4-a716-446655440216', '550e8400-e29b-41d4-a716-446655440031', 'pay'),
('550e8400-e29b-41d4-a716-446655440217', '550e8400-e29b-41d4-a716-446655440031', 'use'),
('550e8400-e29b-41d4-a716-446655440218', '550e8400-e29b-41d4-a716-446655440051', 'dislike'),
('550e8400-e29b-41d4-a716-446655440219', '550e8400-e29b-41d4-a716-446655440051', 'dislike'),
('550e8400-e29b-41d4-a716-446655440220', '550e8400-e29b-41d4-a716-446655440051', 'dislike');
INSERT INTO idea_media (idea_id, media_id, sort_order) VALUES
('550e8400-e29b-41d4-a716-446655440051', '550e8400-e29b-41d4-a716-446655440320', 0),
('550e8400-e29b-41d4-a716-446655440051', '550e8400-e29b-41d4-a716-446655440322', 1),
('550e8400-e29b-41d4-a716-446655440011', '550e8400-e29b-41d4-a716-446655440321', 0);
INSERT INTO comments (id, idea_id, user_id, content, created_at) VALUES
('550e8400-e29b-41d4-a716-446655440100', '550e8400-e29b-41d4-a716-446655440051', '550e8400-e29b-41d4-a716-446655440200', 'This version 3 is incredible! The chef integration is game-changing.', '2024-02-20T10:00:00Z'),
('550e8400-e29b-41d4-a716-446655440101', '550e8400-e29b-41d4-a716-446655440051', '550e8400-e29b-41d4-a716-446655440201', 'Have you considered international cuisine options?', '2024-02-20T08:00:00Z'),
('550e8400-e29b-41d4-a716-446655440102', '550e8400-e29b-41d4-a716-446655440051', '550e8400-e29b-41d4-a716-446655440202', 'The wine pairing feature is brilliant!', '2024-02-19T20:00:00Z'),
('550e8400-e29b-41d4-a716-446655440103', '550e8400-e29b-41d4-a716-446655440011', '550e8400-e29b-41d4-a716-446655440203', 'Love the sustainability focus. How do you verify ethical brands?', '2024-01-14T15:00:00Z'),
('550e8400-e29b-41d4-a716-446655440104', '550e8400-e29b-41d4-a716-446655440052', '550e8400-e29b-41d4-a716-446655440204', 'The cryptocurrency tracking is exactly what I needed!', '2024-02-15T12:00:00Z'),
('550e8400-e29b-41d4-a716-446655440105', '550e8400-e29b-41d4-a716-446655440052', '550e8400-e29b-41d4-a716-446655440205', 'Tax optimization features are very helpful.', '2024-02-15T14:00:00Z'),
('550e8400-e29b-41d4-a716-446655440106', '550e8400-e29b-41d4-a716-446655440013', '550e8400-e29b-41d4-a716-446655440206', 'The AR visualization is so accurate!', '2024-01-03T10:00:00Z'),
('550e8400-e29b-41d4-a716-446655440107', '550e8400-e29b-41d4-a716-446655440014', '550e8400-e29b-41d4-a716-446655440207', 'This saves me hours of content creation time.', '2024-01-01T11:00:00Z'),
('550e8400-e29b-41d4-a716-446655440108', '550e8400-e29b-41d4-a716-446655440015', '550e8400-e29b-41d4-a716-446655440208', 'VR workouts are actually fun!', '2024-01-17T09:00:00Z'),
('550e8400-e29b-41d4-a716-446655440109', '550e8400-e29b-41d4-a716-446655440016', '550e8400-e29b-41d4-a716-446655440209', 'Our city needs this system desperately.', '2024-01-18T16:00:00Z'),
('550e8400-e29b-41d4-a716-446655440110', '550e8400-e29b-41d4-a716-446655440017', '550e8400-e29b-41d4-a716-446655440210', 'Finally, a secure voting solution!', '2024-01-19T13:00:00Z'),
('550e8400-e29b-41d4-a716-446655440111', '550e8400-e29b-41d4-a716-446655440018', '550e8400-e29b-41d4-a716-446655440211', 'The print quality is outstanding.', '2024-01-20T10:30:00Z'),
('550e8400-e29b-41d4-a716-446655440112', '550e8400-e29b-41d4-a716-446655440019', '550e8400-e29b-41d4-a716-446655440212', 'Mind-controlled gaming is the future!', '2024-01-21T14:00:00Z'),
('550e8400-e29b-41d4-a716-446655440113', '550e8400-e29b-41d4-a716-446655440020', '550e8400-e29b-41d4-a716-446655440213', 'How scalable is your carbon capture solution?', '2024-01-22T09:00:00Z'),
('550e8400-e29b-41d4-a716-446655440114', '550e8400-e29b-41d4-a716-446655440021', '550e8400-e29b-41d4-a716-446655440214', 'AI ethics frameworks are critical right now.', '2024-01-23T11:00:00Z'),
('550e8400-e29b-41d4-a716-446655440115', '550e8400-e29b-41d4-a716-446655440022', '550e8400-e29b-41d4-a716-446655440215', 'Telemedicine is revolutionizing healthcare access.', '2024-01-24T15:00:00Z'),
('550e8400-e29b-41d4-a716-446655440116', '550e8400-e29b-41d4-a716-446655440023', '550e8400-e29b-41d4-a716-446655440216', 'The risk assessment accuracy is impressive.', '2024-01-25T12:00:00Z'),
('550e8400-e29b-41d4-a716-446655440117', '550e8400-e29b-41d4-a716-446655440024', '550e8400-e29b-41d4-a716-446655440217', 'VR learning makes complex topics easy to understand.', '2024-01-26T10:00:00Z'),
('550e8400-e29b-41d4-a716-446655440118', '550e8400-e29b-41d4-a716-446655440025', '550e8400-e29b-41d4-a716-446655440218', 'Traffic flow improvements are noticeable.', '2024-01-27T14:00:00Z'),
('550e8400-e29b-41d4-a716-446655440119', '550e8400-e29b-41d4-a716-446655440026', '550e8400-e29b-41d4-a716-446655440219', 'AI sorting increases recycling efficiency dramatically.', '2024-01-28T11:00:00Z'),
('550e8400-e29b-41d4-a716-446655440120', '550e8400-e29b-41d4-a716-446655440027', '550e8400-e29b-41d4-a716-446655440220', 'Quantum computing applications are fascinating.', '2024-01-29T13:00:00Z'),
('550e8400-e29b-41d4-a716-446655440121', '550e8400-e29b-41d4-a716-446655440028', '550e8400-e29b-41d4-a716-446655440221', 'Mental health AI support is invaluable.', '2024-01-30T10:00:00Z'),
('550e8400-e29b-41d4-a716-446655440122', '550e8400-e29b-41d4-a716-446655440029', '550e8400-e29b-41d4-a716-446655440222', 'Supply chain transparency builds trust.', '2024-01-31T12:00:00Z'),
('550e8400-e29b-41d4-a716-446655440123', '550e8400-e29b-41d4-a716-446655440030', '550e8400-e29b-41d4-a716-446655440223', 'Gamified learning keeps students engaged.', '2024-02-01T09:00:00Z'),
('550e8400-e29b-41d4-a716-446655440124', '550e8400-e29b-41d4-a716-446655440031', '550e8400-e29b-41d4-a716-446655440224', 'Water quality monitoring saves lives.', '2024-02-02T14:00:00Z');
INSERT INTO comment_votes (comment_id, user_id, reaction_type) VALUES
('550e8400-e29b-41d4-a716-446655440100', '550e8400-e29b-41d4-a716-446655440201', 'upvote'),
('550e8400-e29b-41d4-a716-446655440100', '550e8400-e29b-41d4-a716-446655440202', 'upvote'),
('550e8400-e29b-41d4-a716-446655440100', '550e8400-e29b-41d4-a716-446655440203', 'helpful'),
('550e8400-e29b-41d4-a716-446655440101', '550e8400-e29b-41d4-a716-446655440200', 'upvote'),
('550e8400-e29b-41d4-a716-446655440101', '550e8400-e29b-41d4-a716-446655440202', 'helpful'),
('550e8400-e29b-41d4-a716-446655440102', '550e8400-e29b-41d4-a716-446655440201', 'upvote'),
('550e8400-e29b-41d4-a716-446655440102', '550e8400-e29b-41d4-a716-446655440203', 'upvote'),
('550e8400-e29b-41d4-a716-446655440103', '550e8400-e29b-41d4-a716-446655440204', 'upvote'),
('550e8400-e29b-41d4-a716-446655440104', '550e8400-e29b-41d4-a716-446655440205', 'upvote'),
('550e8400-e29b-41d4-a716-446655440104', '550e8400-e29b-41d4-a716-446655440206', 'helpful'),
('550e8400-e29b-41d4-a716-446655440105', '550e8400-e29b-41d4-a716-446655440207', 'upvote'),
('550e8400-e29b-41d4-a716-446655440106', '550e8400-e29b-41d4-a716-446655440208', 'upvote'),
('550e8400-e29b-41d4-a716-446655440107', '550e8400-e29b-41d4-a716-446655440209', 'upvote'),
('550e8400-e29b-41d4-a716-446655440108', '550e8400-e29b-41d4-a716-446655440210', 'upvote'),
('550e8400-e29b-41d4-a716-446655440109', '550e8400-e29b-41d4-a716-446655440211', 'helpful'),
('550e8400-e29b-41d4-a716-446655440110', '550e8400-e29b-41d4-a716-446655440212', 'upvote'),
('550e8400-e29b-41d4-a716-446655440111', '550e8400-e29b-41d4-a716-446655440213', 'upvote'),
('550e8400-e29b-41d4-a716-446655440112', '550e8400-e29b-41d4-a716-446655440214', 'upvote'),
('550e8400-e29b-41d4-a716-446655440113', '550e8400-e29b-41d4-a716-446655440215', 'upvote'),
('550e8400-e29b-41d4-a716-446655440114', '550e8400-e29b-41d4-a716-446655440216', 'helpful'),
('550e8400-e29b-41d4-a716-446655440115', '550e8400-e29b-41d4-a716-446655440217', 'upvote'),
('550e8400-e29b-41d4-a716-446655440116', '550e8400-e29b-41d4-a716-446655440218', 'upvote'),
('550e8400-e29b-41d4-a716-446655440117', '550e8400-e29b-41d4-a716-446655440219', 'upvote'),
('550e8400-e29b-41d4-a716-446655440118', '550e8400-e29b-41d4-a716-446655440220', 'helpful'),
('550e8400-e29b-41d4-a716-446655440119', '550e8400-e29b-41d4-a716-446655440221', 'upvote'),
('550e8400-e29b-41d4-a716-446655440120', '550e8400-e29b-41d4-a716-446655440222', 'upvote'),
('550e8400-e29b-41d4-a716-446655440121', '550e8400-e29b-41d4-a716-446655440223', 'upvote'),
('550e8400-e29b-41d4-a716-446655440122', '550e8400-e29b-41d4-a716-446655440224', 'upvote'),
('550e8400-e29b-41d4-a716-446655440123', '550e8400-e29b-41d4-a716-446655440225', 'helpful'),
('550e8400-e29b-41d4-a716-446655440124', '550e8400-e29b-41d4-a716-446655440226', 'upvote');
